-- ============================================================
-- BASIC CAFE — SEED DATA
-- Run: docker exec -i basic-cafe-postgres-1 psql -U basic_cafe -d basic_cafe < migrations/seed.sql
-- ============================================================

-- USERS (password: password123)
INSERT INTO users (id, name, email, password_hash, role) VALUES
  ('a1000000-0000-0000-0000-000000000001', 'Admin Owner',    'admin@basic.cafe',   '$2y$10$wgVthC0G7H1mFbmfNB36Ouo1NuofH8lfds82aWnn4sZCHMQZqEKrK', 'owner'),
  ('a1000000-0000-0000-0000-000000000002', 'Maria Manager',  'manager@basic.cafe', '$2y$10$wgVthC0G7H1mFbmfNB36Ouo1NuofH8lfds82aWnn4sZCHMQZqEKrK', 'manager'),
  ('a1000000-0000-0000-0000-000000000003', 'Carlos Cashier', 'cashier@basic.cafe', '$2y$10$wgVthC0G7H1mFbmfNB36Ouo1NuofH8lfds82aWnn4sZCHMQZqEKrK', 'cashier'),
  ('a1000000-0000-0000-0000-000000000004', 'Lucia Waiter',   'waiter@basic.cafe',  '$2y$10$wgVthC0G7H1mFbmfNB36Ouo1NuofH8lfds82aWnn4sZCHMQZqEKrK', 'waiter')
ON CONFLICT DO NOTHING;

-- CATEGORIES
INSERT INTO categories (id, name) VALUES
  ('b1000000-0000-0000-0000-000000000001', 'Hot Drinks'),
  ('b1000000-0000-0000-0000-000000000002', 'Cold Drinks'),
  ('b1000000-0000-0000-0000-000000000003', 'Food'),
  ('b1000000-0000-0000-0000-000000000004', 'Pastries'),
  ('b1000000-0000-0000-0000-000000000005', 'Snacks')
ON CONFLICT DO NOTHING;

-- PRODUCTS (prices in cents)
INSERT INTO products (id, category_id, name, description, base_price, active) VALUES
  -- Hot Drinks
  ('c1000000-0000-0000-0000-000000000001', 'b1000000-0000-0000-0000-000000000001', 'Espresso',        'Classic double shot espresso',           250,  true),
  ('c1000000-0000-0000-0000-000000000002', 'b1000000-0000-0000-0000-000000000001', 'Cappuccino',      'Espresso with steamed milk foam',         390,  true),
  ('c1000000-0000-0000-0000-000000000003', 'b1000000-0000-0000-0000-000000000001', 'Latte',           'Espresso with lots of steamed milk',      420,  true),
  ('c1000000-0000-0000-0000-000000000004', 'b1000000-0000-0000-0000-000000000001', 'Americano',       'Espresso with hot water',                300,  true),
  ('c1000000-0000-0000-0000-000000000005', 'b1000000-0000-0000-0000-000000000001', 'Hot Chocolate',   'Rich creamy hot chocolate',              450,  true),
  -- Cold Drinks
  ('c1000000-0000-0000-0000-000000000006', 'b1000000-0000-0000-0000-000000000002', 'Iced Latte',      'Cold espresso with milk over ice',        480,  true),
  ('c1000000-0000-0000-0000-000000000007', 'b1000000-0000-0000-0000-000000000002', 'Cold Brew',       '12-hour cold steeped coffee',             500,  true),
  ('c1000000-0000-0000-0000-000000000008', 'b1000000-0000-0000-0000-000000000002', 'Lemonade',        'Fresh squeezed lemonade',                350,  true),
  ('c1000000-0000-0000-0000-000000000009', 'b1000000-0000-0000-0000-000000000002', 'Iced Tea',        'House brewed iced tea',                  300,  true),
  -- Food
  ('c1000000-0000-0000-0000-000000000010', 'b1000000-0000-0000-0000-000000000003', 'Avocado Toast',   'Sourdough with smashed avocado',          890,  true),
  ('c1000000-0000-0000-0000-000000000011', 'b1000000-0000-0000-0000-000000000003', 'Club Sandwich',   'Triple-decker with chicken & bacon',     1050,  true),
  ('c1000000-0000-0000-0000-000000000012', 'b1000000-0000-0000-0000-000000000003', 'Caesar Salad',    'Romaine, croutons, parmesan dressing',    850,  true),
  -- Pastries
  ('c1000000-0000-0000-0000-000000000013', 'b1000000-0000-0000-0000-000000000004', 'Croissant',       'Buttery flaky croissant',                350,  true),
  ('c1000000-0000-0000-0000-000000000014', 'b1000000-0000-0000-0000-000000000004', 'Blueberry Muffin','Fresh baked blueberry muffin',            380,  true),
  ('c1000000-0000-0000-0000-000000000015', 'b1000000-0000-0000-0000-000000000004', 'Chocolate Cake',  'Slice of rich chocolate cake',            550,  true),
  -- Snacks
  ('c1000000-0000-0000-0000-000000000016', 'b1000000-0000-0000-0000-000000000005', 'Mixed Nuts',      'Roasted salted mixed nuts',              280,  true),
  ('c1000000-0000-0000-0000-000000000017', 'b1000000-0000-0000-0000-000000000005', 'Granola Bar',     'Oats, honey, and dried fruit bar',       220,  true)
ON CONFLICT DO NOTHING;

-- PRODUCT VARIANTS
INSERT INTO product_variants (id, product_id, name, price_diff) VALUES
  ('d1000000-0000-0000-0000-000000000001', 'c1000000-0000-0000-0000-000000000003', 'Large',       80),
  ('d1000000-0000-0000-0000-000000000002', 'c1000000-0000-0000-0000-000000000003', 'Oat Milk',    60),
  ('d1000000-0000-0000-0000-000000000003', 'c1000000-0000-0000-0000-000000000002', 'Large',       70),
  ('d1000000-0000-0000-0000-000000000004', 'c1000000-0000-0000-0000-000000000006', 'Extra Shot', 100),
  ('d1000000-0000-0000-0000-000000000005', 'c1000000-0000-0000-0000-000000000006', 'Oat Milk',    60),
  ('d1000000-0000-0000-0000-000000000006', 'c1000000-0000-0000-0000-000000000007', 'Sweet Cream', 80)
ON CONFLICT DO NOTHING;

-- INVENTORY ITEMS
INSERT INTO inventory_items (id, name, unit, current_stock, min_stock) VALUES
  ('e1000000-0000-0000-0000-000000000001', 'Coffee Beans',    'kg',     12.5,  5.0),
  ('e1000000-0000-0000-0000-000000000002', 'Whole Milk',      'liters', 18.0,  8.0),
  ('e1000000-0000-0000-0000-000000000003', 'Oat Milk',        'liters',  4.0,  5.0),
  ('e1000000-0000-0000-0000-000000000004', 'Sugar',           'kg',      6.0,  2.0),
  ('e1000000-0000-0000-0000-000000000005', 'Sourdough Bread', 'units',   8.0, 10.0),
  ('e1000000-0000-0000-0000-000000000006', 'Avocados',        'units',  12.0,  6.0),
  ('e1000000-0000-0000-0000-000000000007', 'Croissants',      'units',   6.0,  8.0),
  ('e1000000-0000-0000-0000-000000000008', 'Lemons',          'units',  20.0, 10.0),
  ('e1000000-0000-0000-0000-000000000009', 'Cocoa Powder',    'kg',      1.2,  1.0),
  ('e1000000-0000-0000-0000-000000000010', 'Cream',           'liters',  2.0,  3.0)
ON CONFLICT DO NOTHING;

-- STOCK ENTRIES
INSERT INTO stock_entries (id, inventory_item_id, quantity, cost_per_unit, supplier, received_by, received_at) VALUES
  ('f1000000-0000-0000-0000-000000000001', 'e1000000-0000-0000-0000-000000000001', 15.0, 1800, 'Local Roasters Co.',   'a1000000-0000-0000-0000-000000000002', NOW() - INTERVAL '7 days'),
  ('f1000000-0000-0000-0000-000000000002', 'e1000000-0000-0000-0000-000000000002', 20.0,  120, 'Dairy Fresh Ltd.',     'a1000000-0000-0000-0000-000000000002', NOW() - INTERVAL '2 days'),
  ('f1000000-0000-0000-0000-000000000003', 'e1000000-0000-0000-0000-000000000003',  6.0,  180, 'Oatly Distributor',    'a1000000-0000-0000-0000-000000000002', NOW() - INTERVAL '3 days'),
  ('f1000000-0000-0000-0000-000000000004', 'e1000000-0000-0000-0000-000000000007', 20.0,  150, 'Bakery Supplies Inc.', 'a1000000-0000-0000-0000-000000000002', NOW() - INTERVAL '1 day')
ON CONFLICT DO NOTHING;

-- TABLES
INSERT INTO tables (id, number, capacity, status, pos_x, pos_y) VALUES
  ('f2000000-0000-0000-0000-000000000001', 1, 2, 'available', 100, 100),
  ('f2000000-0000-0000-0000-000000000002', 2, 4, 'occupied',  250, 100),
  ('f2000000-0000-0000-0000-000000000003', 3, 4, 'available', 400, 100),
  ('f2000000-0000-0000-0000-000000000004', 4, 6, 'occupied',  100, 280),
  ('f2000000-0000-0000-0000-000000000005', 5, 2, 'cleaning',  250, 280),
  ('f2000000-0000-0000-0000-000000000006', 6, 4, 'available', 400, 280),
  ('f2000000-0000-0000-0000-000000000007', 7, 8, 'reserved',  100, 460),
  ('f2000000-0000-0000-0000-000000000008', 8, 4, 'available', 250, 460)
ON CONFLICT DO NOTHING;

-- ORDERS
INSERT INTO orders (id, table_id, waiter_id, status, notes, opened_at, closed_at) VALUES
  ('g1000000-0000-0000-0000-000000000001', 'f2000000-0000-0000-0000-000000000002', 'a1000000-0000-0000-0000-000000000004', 'open',      '',                 NOW() - INTERVAL '25 minutes', NULL),
  ('g1000000-0000-0000-0000-000000000002', 'f2000000-0000-0000-0000-000000000004', 'a1000000-0000-0000-0000-000000000004', 'ready',     'No onions please', NOW() - INTERVAL '40 minutes', NULL),
  ('g1000000-0000-0000-0000-000000000003', NULL,                                   'a1000000-0000-0000-0000-000000000003', 'paid',      'Takeout',          NOW() - INTERVAL '2 hours',    NOW() - INTERVAL '1 hour 50 minutes'),
  ('g1000000-0000-0000-0000-000000000004', 'f2000000-0000-0000-0000-000000000002', 'a1000000-0000-0000-0000-000000000004', 'delivered', '',                 NOW() - INTERVAL '15 minutes', NULL),
  ('g1000000-0000-0000-0000-000000000005', NULL,                                   'a1000000-0000-0000-0000-000000000003', 'paid',      '',                 NOW() - INTERVAL '3 hours',    NOW() - INTERVAL '2 hours 45 minutes'),
  ('g1000000-0000-0000-0000-000000000006', 'f2000000-0000-0000-0000-000000000004', 'a1000000-0000-0000-0000-000000000004', 'open',      'Extra napkins',    NOW() - INTERVAL '10 minutes', NULL)
ON CONFLICT DO NOTHING;

-- ORDER ITEMS
INSERT INTO order_items (id, order_id, product_id, variant_id, quantity, unit_price, notes) VALUES
  -- Order 1 (open, table 2)
  ('h1000000-0000-0000-0000-000000000001', 'g1000000-0000-0000-0000-000000000001', 'c1000000-0000-0000-0000-000000000002', NULL,                                   2,  390, ''),
  ('h1000000-0000-0000-0000-000000000002', 'g1000000-0000-0000-0000-000000000001', 'c1000000-0000-0000-0000-000000000013', NULL,                                   2,  350, ''),
  ('h1000000-0000-0000-0000-000000000003', 'g1000000-0000-0000-0000-000000000001', 'c1000000-0000-0000-0000-000000000010', NULL,                                   1,  890, 'Extra avocado'),
  -- Order 2 (ready, table 4)
  ('h1000000-0000-0000-0000-000000000004', 'g1000000-0000-0000-0000-000000000002', 'c1000000-0000-0000-0000-000000000011', NULL,                                   2, 1050, ''),
  ('h1000000-0000-0000-0000-000000000005', 'g1000000-0000-0000-0000-000000000002', 'c1000000-0000-0000-0000-000000000006', 'd1000000-0000-0000-0000-000000000004', 2,  580, ''),
  ('h1000000-0000-0000-0000-000000000006', 'g1000000-0000-0000-0000-000000000002', 'c1000000-0000-0000-0000-000000000012', NULL,                                   1,  850, ''),
  -- Order 3 (paid, takeout)
  ('h1000000-0000-0000-0000-000000000007', 'g1000000-0000-0000-0000-000000000003', 'c1000000-0000-0000-0000-000000000001', NULL,                                   1,  250, ''),
  ('h1000000-0000-0000-0000-000000000008', 'g1000000-0000-0000-0000-000000000003', 'c1000000-0000-0000-0000-000000000014', NULL,                                   2,  380, ''),
  -- Order 4 (delivered, table 2)
  ('h1000000-0000-0000-0000-000000000009', 'g1000000-0000-0000-0000-000000000004', 'c1000000-0000-0000-0000-000000000003', 'd1000000-0000-0000-0000-000000000002', 1,  480, ''),
  ('h1000000-0000-0000-0000-000000000010', 'g1000000-0000-0000-0000-000000000004', 'c1000000-0000-0000-0000-000000000015', NULL,                                   1,  550, ''),
  -- Order 5 (paid, takeout)
  ('h1000000-0000-0000-0000-000000000011', 'g1000000-0000-0000-0000-000000000005', 'c1000000-0000-0000-0000-000000000007', 'd1000000-0000-0000-0000-000000000006', 2,  580, ''),
  ('h1000000-0000-0000-0000-000000000012', 'g1000000-0000-0000-0000-000000000005', 'c1000000-0000-0000-0000-000000000016', NULL,                                   2,  280, ''),
  -- Order 6 (open, table 4)
  ('h1000000-0000-0000-0000-000000000013', 'g1000000-0000-0000-0000-000000000006', 'c1000000-0000-0000-0000-000000000004', NULL,                                   3,  300, ''),
  ('h1000000-0000-0000-0000-000000000014', 'g1000000-0000-0000-0000-000000000006', 'c1000000-0000-0000-0000-000000000013', NULL,                                   3,  350, '')
ON CONFLICT DO NOTHING;

-- PAYMENTS (for paid orders)
INSERT INTO payments (id, order_id, amount, method, provider, provider_ref, status) VALUES
  ('i1000000-0000-0000-0000-000000000001', 'g1000000-0000-0000-0000-000000000003', 1010, 'card', 'mock', 'mock_ref_001', 'completed'),
  ('i1000000-0000-0000-0000-000000000002', 'g1000000-0000-0000-0000-000000000005', 1720, 'cash', 'mock', 'mock_ref_002', 'completed')
ON CONFLICT DO NOTHING;
